﻿<metadata>
  <idinfo>
    <citation>
      <citeinfo>
        <origin>Geography Division, U.S. Department of Commerce, Bureau of the Census</origin>
        <pubdate>201812</pubdate>
        <title>Select Population Data from USCB ACS 2018, by NM Census Tract</title>
        <geoform>vector digital data</geoform>
      </citeinfo>
    </citation>
    <descript>
      <abstract>A broad and generalized selection of 2014-2018 US Census Bureau 2018 5-year American Community Survey population data estimates, obtained via Census API and joined to the appropriate geometry (in this case, New Mexico Census tracts). The selection is not comprehensive, but allows a first-level characterization of total population, male and female, and both broad and narrowly-defined age groups. In addition to the standard selection of age-group breakdowns (by male or female), the dataset provides supplemental calculated fields which combine several attributes into one (for example, the total population of persons under 18, or the number of females over 65 years of age). The determination of which estimates to include was based upon level of interest and providing a manageable dataset for users.The U.S. Census Bureau's American Community Survey (ACS) is a nationwide, continuous survey designed to provide communities with reliable and timely demographic, housing, social, and economic data every year. The ACS collects long-form-type information throughout the decade rather than only once every 10 years. The ACS combines population or housing data from multiple years to produce reliable numbers for small counties, neighborhoods, and other local areas. To provide information for communities each year, the ACS provides 1-, 3-, and 5-year estimates. ACS 5-year estimates (multiyear estimates) are “period” estimates that represent data collected over a 60-month period of time (as opposed to “point-in-time” estimates, such as the decennial census, that approximate the characteristics of an area on a specific date). ACS data are released in the year immediately following the year in which they are collected. ACS estimates based on data collected from 2009–2014 should not be called “2009” or “2014” estimates. Multiyear estimates should be labeled to indicate clearly the full period of time. While the ACS contains margin of error (MOE) information, this dataset does not. Those individuals requiring more complete data are directed to download the more detailed datasets from the ACS American FactFinder website. This dataset is organized by Census tract boundaries in New Mexico. Census tracts are small, relatively permanent statistical subdivisions of a county or equivalent entity, and were defined by local participants as part of the 2010 Census Participant Statistical Areas Program. The primary purpose of census tracts is to provide a stable set of geographic units for the presentation of census data and comparison back to previous decennial censuses. Census tracts generally have a population size between 1,200 and 8,000 people, with an optimum size of 4,000 people. State and county boundaries always are census tract boundaries in the standard census geographic hierarchy. In a few rare instances, a census tract may consist of noncontiguous areas. These noncontiguous areas may occur where the census tracts are coextensive with all or parts of legal entities that are themselves noncontiguous. For the 2010 Census, the census tract code range of 9400 through 9499 was enforced for census tracts that include a majority American Indian population according to Census 2000 data and/or their area was primarily covered by federally recognized American Indian reservations and/or off-reservation trust lands; the code range 9800 through 9899 was enforced for those census tracts that contained little or no population and represented a relatively large special land use area such as a National Park, military installation, or a business/industrial park; and the code range 9900 through 9998 was enforced for those census tracts that contained only water area, no land area.</abstract>
      <purpose>Provide general users with a selection of population data available from the US Census Bureau's American Community Survey (ACS) 5-year estimates from 2014-2018, within the frame of reference of the US Census TIGER/Line Census Tracts for New Mexico.</purpose>
      <supplinf>This work was influenced by the work of Todd Bleess at the Colorado State Demography Office, especially his renaming of the source (ACS) attributes into more human-readable names.</supplinf>
    </descript>
    <timeperd>
      <timeinfo>
        <sngdate>
          <caldate>2018</caldate>
        </sngdate>
      </timeinfo>
      <current>Temporal extent is twofold: 1. the underlying data derives from the 2014-2018 ACS 5-year estimates, as well as the time period during which the county boundaries are considered still valid. 2. the dataset itself is valid as a means of comparison for similar data from other time periods (such as different 5-year ACS publications). As ACS 5-year datasets are not released until subsequent years (2013-2017 was released in December of 2018, 2014-2018 should be released in December of 2019, and so on).</current>
    </timeperd>
    <status>
      <progress>Complete</progress>
      <update>Annually</update>
    </status>
    <spdom>
      <bounding>
        <westbc>-109.050173</westbc>
        <eastbc>-103.001964</eastbc>
        <northbc>37.000293</northbc>
        <southbc>31.332172</southbc>
      </bounding>
    </spdom>
    <keywords>
      <theme>
        <themekt>ISO 19115 Topic Categories</themekt>
        <themekey>boundaries</themekey>
        <themekey>economy</themekey>
        <themekey>society</themekey>
      </theme>
      <theme>
        <themekt>None</themekt>
        <themekey>State or equivalent entity</themekey>
        <themekey>Polygon</themekey>
        <themekey>Census Tract</themekey>
        <themekey>Tract</themekey>
        <themekey>Boundaries</themekey>
        <themekey>Population</themekey>
      </theme>
    </keywords>
    <accconst>None</accconst>
    <useconst>No limitations from RGIS. The source geometry for this dataset is a TIGER/Line shapefile. The TIGER/Line Shapefile products are not copyrighted however TIGER/Line and Census TIGER are registered trademarks of the U.S. Census Bureau. These products are free to use in a product or publication, however acknowledgement must be given to the U.S. Census Bureau as the source. The boundary information in the TIGER/Line Shapefiles are for statistical data collection and tabulation purposes only; their depiction and designation for statistical purposes does not constitute a determination of jurisdictional authority or rights of ownership or entitlement and they are not legal land descriptions.Coordinates in the TIGER/Line shapefiles have six implied decimal places, but the positional accuracy of these coordinates is not as great as the six decimal places suggest.</useconst>
    <datacred>U.S. Bureau of Census, Department of Commerce; RGIS
; Todd Bleess, Colorado State Demography Office</datacred>
    <native>Microsoft Windows 7 Version 6.1 (Build 7601) Service Pack 1; Esri ArcGIS 10.5.1.7333</native>
  </idinfo>
  <dataqual>
    <logic>All 499 tracts are present</logic>
    <complete>All 499 tracts are present</complete>
    <lineage>
      <srcinfo>
        <srccite>
          <citeinfo>
            <origin>Census Bureau</origin>
            <pubdate>201812</pubdate>
            <title>American Community Survey</title>
          </citeinfo>
        </srccite>
        <typesrc>onLine</typesrc>
        <srctime>
          <timeinfo>
            <sngdate>
              <caldate>2018</caldate>
            </sngdate>
          </timeinfo>
          <srccurr>Publication date</srccurr>
        </srctime>
        <srccitea>Census Data</srccitea>
        <srccontr>Derived from US  Bureau of Census API</srccontr>
      </srcinfo>
      <procstep>
        <procdesc>Develop script to automate the entire process described below, from obtaining data to producing and validating metadata, for a group of datasets. The slightly more detailed steps given following this step.</procdesc>
        <procdate>20190702</procdate>
      </procstep>
      <procstep>
        <procdesc>Obtain a select group of Bureau of Census data from latest availalble ACS 5-year estimate using Census API. Census API calls are limited to 50 fields/attributes per call, and are typically run as an URL, using a browser, the curl command line too, or from within a script. The data from the Census API is serialized into a dataframe.</procdesc>
        <procdate>20190702</procdate>
      </procstep>
      <procstep>
        <procdesc>Format data as needed for usefulness and attribute label readability and deserialize for the next step.</procdesc>
        <procdate>20190702</procdate>
      </procstep>
      <procstep>
        <procdesc>Joined Census dataset to appropriate geometry (like Census TIGER/Line file for New Mexico counties), performed via scripting, based on common key field.</procdesc>
        <procdate>20190702</procdate>
      </procstep>
      <procstep>
        <procdesc>Edit metadata for completeness and for compatibility with FGDC standards for distribution via NM RGIS Clearinghouse.</procdesc>
        <procdate>20190702</procdate>
      </procstep>
    </lineage>
  </dataqual>
<spdoinfo>
    <indspref>New Mexico</indspref>
    <direct>Vector</direct>
    <ptvctinf>
      <sdtsterm>
        <sdtstype>GT-polygon composed of chains</sdtstype>
        <ptvctcnt>499</ptvctcnt>
      </sdtsterm>
    </ptvctinf>
  </spdoinfo>
  <spref>
    <horizsys>
      <geograph>
        <latres>8.9831528411952133e-009</latres>
        <longres>8.9831528411952133e-009</longres>
        <geogunit>Decimal Degrees</geogunit>
      </geograph>
      <geodetic>
        <horizdn>D North American 1983</horizdn>
        <ellips>GRS 1980</ellips>
        <semiaxis>6378137.0</semiaxis>
        <denflat>298.257222101</denflat>
      </geodetic>
    </horizsys>
  </spref>
  <eainfo>
    <detailed>
      <enttyp>
        <enttypl>popul_bytracts2018</enttypl>
      </enttyp>
      <attr>
        <attrlabl>FID</attrlabl>
        <attrdef>Internal feature number.</attrdef>
        <attrdefs>Esri</attrdefs>
        <attrdomv>

          <udom>Sequential unique whole numbers that are automatically generated.</udom>
        </attrdomv>
      </attr>
      <attr>
        <attrlabl>Shape</attrlabl>
        <attrdef>Feature geometry.</attrdef>
        <attrdefs>Esri</attrdefs>
        <attrdomv>

          <udom>Coordinates defining the features.</udom>
        </attrdomv>
      </attr>
      <attr>
        <attrlabl>STATEFP</attrlabl>
        <attrdef>Current state Federal Information Processing Series (FIPS) codes</attrdef>
        <attrdefs>U.S. Census Bureau</attrdefs>
        <attrdomv>
          <codesetd>
            <codesetn>National Standard Codes (ANSI INCITS 38-2009), Federal Information Processing Series (FIPS) - States/State Equivalents</codesetn>
            <codesets>U.S. Census Bureau</codesets>
          </codesetd>
        </attrdomv>
      </attr>
      <attr>
        <attrlabl>COUNTYFP</attrlabl>
        <attrdef>Current county Federal Information Processing Series (FIPS) code</attrdef>
        <attrdefs>U.S. Census Bureau</attrdefs>
        <attrdomv>
        <codesetd>
            <codesetn>National Standard Codes (ANSI INCITS 31-2009), Federal Information Processing Series (FIPS) - Counties/County Equivalents</codesetn>
            <codesets>U.S. Census Bureau</codesets>
        </codesetd>
    </attrdomv>
      </attr>
      <attr>
        <attrlabl>TRACTCE</attrlabl>
        <attrdef>Current census tract code</attrdef>
        <attrdefs>U.S. Census Bureau</attrdefs>
        <attrdomv>
          <edom>
            <edomv>000100 to 998999</edomv>
            <edomvd>Census tract number</edomvd>
            <edomvds>U.S. Census Bureau</edomvds>
          </edom>
        </attrdomv>
        <attrdomv>
          <edom>
            <edomv>990000 to 990099</edomv>
            <edomvd>Water tract (2010 and continuing)</edomvd>
            <edomvds>U.S. Census Bureau</edomvds>
          </edom>
        </attrdomv>
        <attrdomv>
          <edom>
            <edomv>990100 to 998999</edomv>
            <edomvd>Census tract number</edomvd>
            <edomvds>U.S. Census Bureau</edomvds>
          </edom>
        </attrdomv>
      </attr>
      <attr>
        <attrlabl>NAME</attrlabl>
        <attrdef>Current census tract name, this is the census tract code converted to an integer or integer plus two-digit decimal if the last two characters of the code are not both zeros.</attrdef>
        <attrdefs>U.S. Census Bureau</attrdefs>
        <attrdomv>
          <udom>Values for this attribute are composed of a set of census tract names. As such, they do not exist in a known, predefined set.</udom>
        </attrdomv>
      </attr>
      <attr>
        <attrlabl>NAMELSAD</attrlabl>
        <attrdef>Current translated legal/statistical area description and the census tract name</attrdef>
        <attrdefs>U.S. Census Bureau</attrdefs>
        <attrdomv>
          <udom>Refer to the name in the 'TRACTCE' field and the translated legal/statistical area description code for census tracts</udom>
        </attrdomv>
      </attr>
      <attr>
        <attrlabl>MTFCC</attrlabl>
        <attrdef>MAF/TIGER feature class code</attrdef>
        <attrdefs>U.S. Census Bureau</attrdefs>
        <attrdomv>
          <edom>
            <edomv>G5020</edomv>
            <edomvd>Census Tract</edomvd>
            <edomvds>U.S. Census Bureau</edomvds>
          </edom>
        </attrdomv>
      </attr>
      <attr>
        <attrlabl>Shape_Leng</attrlabl>
      </attr>
      <attr>
        <attrlabl>Shape_Area</attrlabl>
        <attrdef>Area of feature in internal units squared.</attrdef>
        <attrdefs>Esri</attrdefs>
        <attrdomv>

          <udom>Positive real numbers that are automatically generated.</udom>

        </attrdomv>
      </attr>
      <attr>
        <attrlabl>GEOID_Data</attrlabl>
        <attrdef>Summary text field containing an 18-digit Census tract ID which identifies a specific Census tract</attrdef>
        <attrdefs>EDAC</attrdefs>
        <attrdomv>
          <udom>Values for this attribute are synthesized from a set of census tract names plus other Census designators. As such, they do not exist in a known, predefined set.</udom>
        </attrdomv>
       </attr>
      <attr>
        <attrlabl>GEOIDLNUM</attrlabl>
        <attrdef>A multipart 11-digit numeric code indentifying a specific Census tract, combining State and County FIPS codes plus the TRACTCE value. Generated by EDAC to provide matching key field for joining to Census API-derived datasets.</attrdef>
        <attrdefs>EDAC</attrdefs>
        <attrdomv>

          <udom>Values for this attribute are composed of a set of census tract names. As such, they do not exist in a known, predefined set.</udom>
        </attrdomv>
      </attr>
      <attr>
        <attrlabl>TOTALPOP</attrlabl>
        <attrdef>Total population for $calyear from Census API for ACS5 2014-2018 field B01001_001E</attrdef>
        <attrdefs>Bureau of the Census</attrdefs>
        <attrdomv>
          <udom>Persons in the associated geographic entity</udom>
        </attrdomv>
      </attr>
      <attr>
        <attrlabl>TOT_LT18</attrlabl>
        <attrdef>Total population less than 18 years old for $calyear from Census API for ACS5 2014-2018; TOT_LT18 combines F_LT18 and M_LT18 (which are also combinations)</attrdef>
        <attrdefs>Bureau of the Census</attrdefs>
        <attrdomv>
          <udom>Persons in the associated geographic entity</udom>
        </attrdomv>
      </attr>
      <attr>
        <attrlabl>TOT_65OVER</attrlabl>
        <attrdef>Total population over 65 years old and over from ACS 2014-2018; TOT_65OVER combines F_65PLUS and M_65PLUS (which are also combinations)</attrdef>
        <attrdefs>Bureau of the Census</attrdefs>
        <attrdomv>
          <udom>Persons in the associated geographic entity</udom>
        </attrdomv>
      </attr>
      <attr>
        <attrlabl>TOT_18TO64</attrlabl>
        <attrdef>Total population between 18 and 64 years old from ACS 2014-2018; TOT_18TO64 combines F_18TO64 and M_18TO64 (which are also combinations)</attrdef>
        <attrdefs>Bureau of the Census</attrdefs>
        <attrdomv>
          <udom>Persons in the associated geographic entity</udom>
        </attrdomv>
      </attr>
      <attr>
        <attrlabl>F_LT18</attrlabl>
        <attrdef>Total population of females less than 18 years old from ACS 2014-2018; F_LT18 is the combination of B01001_027E,B01001_028E,B01001_029E and B01001_030E</attrdef>
        <attrdefs>Bureau of the Census</attrdefs>
        <attrdomv>
          <udom>Persons in the associated geographic entity</udom>
        </attrdomv>
      </attr>
      <attr>
        <attrlabl>F_65OVER</attrlabl>
        <attrdef>Total population of females 65 years old or over from ACS 2014-2018; F_65OVER is the combination of B01001_044E,B01001_045E,B01001_046E,B01001_047E,B01001_048E and B01001_049E</attrdef>
        <attrdefs>Bureau of the Census</attrdefs>
        <attrdomv>
          <udom>Persons in the associated geographic entity</udom>
        </attrdomv>
      </attr>
      <attr>
        <attrlabl>F_18TO64</attrlabl>
        <attrdef>Total population of females from 18 to 64 years old from ACS 2014-2018; F_18TO64 is the combination of B01001_031E,B01001_032E,B01001_033E,B01001_034E,B01001_035E,B01001_036E,B01001_037E,B01001_038E,B01001_039E,B01001_040E,B01001_041E,B01001_042E and B01001_043E</attrdef>
        <attrdefs>Bureau of the Census</attrdefs>
        <attrdomv>
          <udom>Persons in the associated geographic entity</udom>
        </attrdomv>
      </attr>
      <attr>
        <attrlabl>M_LT18</attrlabl>
        <attrdef>Total population of males less than 18 years old from ACS 2014-2018; M_LT18 is the combination of B01001_003E,B01001_004E,B01001_005E and B01001_006E</attrdef>
        <attrdefs>Bureau of the Census</attrdefs>
        <attrdomv>
          <udom>Persons in the associated geographic entity</udom>
        </attrdomv>
      </attr>
      <attr>
        <attrlabl>M_65OVER</attrlabl>
        <attrdef>Total population of males 65 years old or over from ACS 2014-2018; M_65OVER is the combination of B01001_020E,B01001_021E,B01001_022E,B01001_023E,B01001_024E and B01001_025E</attrdef>
        <attrdefs>Bureau of the Census</attrdefs>
        <attrdomv>
          <udom>Persons in the associated geographic entity</udom>
        </attrdomv>
      </attr>
      <attr>
        <attrlabl>M_18TO64</attrlabl>
        <attrdef>Total population of males from 18 to 64 years old from ACS 2014-2018; M_18TO64 is the combination of B01001_007E,B01001_008E,B01001_009E,B01001_010E,B01001_011E,B01001_012E,B01001_013E,B01001_014E,B01001_015E,B01001_016E,B01001_017E,B01001_018E and B01001_019E</attrdef>
        <attrdefs>Bureau of the Census</attrdefs>
        <attrdomv>
          <udom>Persons in the associated geographic entity</udom>
        </attrdomv>
      </attr>
      <attr>
        <attrlabl>M_TOTAL</attrlabl>
        <attrdef>Total population of males from Census API for ACS5 2014-2018 field B01001_002E</attrdef>
        <attrdefs>Bureau of the Census</attrdefs>
        <attrdomv>
          <udom>Persons in the associated geographic entity</udom>
        </attrdomv>
      </attr>
      <attr>
        <attrlabl>M_UNDER5</attrlabl>
        <attrdef>Male, Under 5 years from Census API for ACS5 2014-2018 field B01001_003E</attrdef>
        <attrdefs>Bureau of the Census</attrdefs>
        <attrdomv>
          <udom>Persons in the associated geographic entity</udom>
        </attrdomv>
      </attr>
      <attr>
        <attrlabl>M_5TO9</attrlabl>
        <attrdef>Male, 5 to 9 years from Census API for ACS5 2014-2018 field B01001_004E</attrdef>
        <attrdefs>Bureau of the Census</attrdefs>
        <attrdomv>
          <udom>Persons in the associated geographic entity</udom>
        </attrdomv>
      </attr>
      <attr>
        <attrlabl>M_10TO14</attrlabl>
        <attrdef>Male, 10 to 14 years from Census API for ACS5 2014-2018 field B01001_005E</attrdef>
        <attrdefs>Bureau of the Census</attrdefs>
        <attrdomv>
          <udom>Persons in the associated geographic entity</udom>
        </attrdomv>
      </attr>
      <attr>
        <attrlabl>M_15TO17</attrlabl>
        <attrdef>Male, 15 to 17 years from Census API for ACS5 2014-2018 field B01001_006E</attrdef>
        <attrdefs>Bureau of the Census</attrdefs>
        <attrdomv>
          <udom>Persons in the associated geographic entity</udom>
        </attrdomv>
      </attr>
      <attr>
        <attrlabl>M_18AND19</attrlabl>
        <attrdef>Male, 18 and 19 years from Census API for ACS5 2014-2018 field B01001_007E</attrdef>
        <attrdefs>Bureau of the Census</attrdefs>
        <attrdomv>
          <udom>Persons in the associated geographic entity</udom>
        </attrdomv>
      </attr>
      <attr>
        <attrlabl>M_20</attrlabl>
        <attrdef>Male, 20 years from Census API for ACS5 2014-2018 field B01001_008E</attrdef>
        <attrdefs>Bureau of the Census</attrdefs>
        <attrdomv>
          <udom>Persons in the associated geographic entity</udom>
        </attrdomv>
      </attr>
      <attr>
        <attrlabl>M_21</attrlabl>
        <attrdef>Male, 21 years from Census API for ACS5 2014-2018 field B01001_009E</attrdef>
        <attrdefs>Bureau of the Census</attrdefs>
        <attrdomv>
          <udom>Persons in the associated geographic entity</udom>
        </attrdomv>
      </attr>
      <attr>
        <attrlabl>M_22TO24</attrlabl>
        <attrdef>Male, 22 to 24 years from Census API for ACS5 2014-2018 field B01001_010E</attrdef>
        <attrdefs>Bureau of the Census</attrdefs>
        <attrdomv>
          <udom>Persons in the associated geographic entity</udom>
        </attrdomv>
      </attr>
      <attr>
        <attrlabl>M_25TO29</attrlabl>
        <attrdef>Male, 25 to 29 years from Census API for ACS5 2014-2018 field B01001_011E</attrdef>
        <attrdefs>Bureau of the Census</attrdefs>
        <attrdomv>
          <udom>Persons in the associated geographic entity</udom>
        </attrdomv>
      </attr>
      <attr>
        <attrlabl>M_30TO34</attrlabl>
        <attrdef>Male, 30 to 34 years from Census API for ACS5 2014-2018 field B01001_012E</attrdef>
        <attrdefs>Bureau of the Census</attrdefs>
        <attrdomv>
          <udom>Persons in the associated geographic entity</udom>
        </attrdomv>
      </attr>
      <attr>
        <attrlabl>M_35TO39</attrlabl>
        <attrdef>Male, 35 to 39 years from Census API for ACS5 2014-2018 field B01001_013E</attrdef>
        <attrdefs>Bureau of the Census</attrdefs>
        <attrdomv>
          <udom>Persons in the associated geographic entity</udom>
        </attrdomv>
      </attr>
      <attr>
        <attrlabl>M_40TO44</attrlabl>
        <attrdef>Male, 40 to 44 years from Census API for ACS5 2014-2018 field B01001_014E</attrdef>
        <attrdefs>Bureau of the Census</attrdefs>
        <attrdomv>
          <udom>Persons in the associated geographic entity</udom>
        </attrdomv>
      </attr>
      <attr>
        <attrlabl>M_45TO49</attrlabl>
        <attrdef>Male, 45 to 49 years from Census API for ACS5 2014-2018 field B01001_015E</attrdef>
        <attrdefs>Bureau of the Census</attrdefs>
        <attrdomv>
          <udom>Persons in the associated geographic entity</udom>
        </attrdomv>
      </attr>
      <attr>
        <attrlabl>M_50TO54</attrlabl>
        <attrdef>Male, 50 to 54 years from Census API for ACS5 2014-2018 field B01001_016E</attrdef>
        <attrdefs>Bureau of the Census</attrdefs>
        <attrdomv>
          <udom>Persons in the associated geographic entity</udom>
        </attrdomv>
      </attr>
      <attr>
        <attrlabl>M_55TO59</attrlabl>
        <attrdef>Male, 55 to 59 years from Census API for ACS5 2014-2018 field B01001_017E</attrdef>
        <attrdefs>Bureau of the Census</attrdefs>
        <attrdomv>
          <udom>Persons in the associated geographic entity</udom>
        </attrdomv>
      </attr>
      <attr>
        <attrlabl>M_60AND61</attrlabl>
        <attrdef>Male, 60 and 61 years from Census API for ACS5 2014-2018 field B01001_018E</attrdef>
        <attrdefs>Bureau of the Census</attrdefs>
        <attrdomv>
          <udom>Persons in the associated geographic entity</udom>
        </attrdomv>
      </attr>
      <attr>
        <attrlabl>M_62TO64</attrlabl>
        <attrdef>Male, 62 to 64 years from Census API for ACS5 2014-2018 field B01001_019E</attrdef>
        <attrdefs>Bureau of the Census</attrdefs>
        <attrdomv>
          <udom>Persons in the associated geographic entity</udom>
        </attrdomv>
      </attr>
      <attr>
        <attrlabl>M_65AND66</attrlabl>
        <attrdef>Male, 65 and 66 years from Census API for ACS5 2014-2018 field B01001_020E</attrdef>
        <attrdefs>Bureau of the Census</attrdefs>
        <attrdomv>
          <udom>Persons in the associated geographic entity</udom>
        </attrdomv>
      </attr>
      <attr>
        <attrlabl>M_67TO69</attrlabl>
        <attrdef>Male, 67 to 69 years from Census API for ACS5 2014-2018 field B01001_021E</attrdef>
        <attrdefs>Bureau of the Census</attrdefs>
        <attrdomv>
          <udom>Persons in the associated geographic entity</udom>
        </attrdomv>
      </attr>
      <attr>
        <attrlabl>M_70TO74</attrlabl>
        <attrdef>Male, 70 to 74 years from Census API for ACS5 2014-2018 field B01001_022E</attrdef>
        <attrdefs>Bureau of the Census</attrdefs>
        <attrdomv>
          <udom>Persons in the associated geographic entity</udom>
        </attrdomv>
      </attr>
      <attr>
        <attrlabl>M_75TO79</attrlabl>
        <attrdef>Male, 75 to 79 years from Census API for ACS5 2014-2018 field B01001_023E</attrdef>
        <attrdefs>Bureau of the Census</attrdefs>
        <attrdomv>
          <udom>Persons in the associated geographic entity</udom>
        </attrdomv>
      </attr>
      <attr>
        <attrlabl>M_80TO84</attrlabl>
        <attrdef>Male, 80 to 84 years from Census API for ACS5 2014-2018 field B01001_024E</attrdef>
        <attrdefs>Bureau of the Census</attrdefs>
        <attrdomv>
          <udom>Persons in the associated geographic entity</udom>
        </attrdomv>
      </attr>
      <attr>
        <attrlabl>M_85OVER</attrlabl>
        <attrdef>Male, 85 years and over from Census API for ACS5 2014-2018 field B01001_025E</attrdef>
        <attrdefs>Bureau of the Census</attrdefs>
        <attrdomv>
          <udom>Persons in the associated geographic entity</udom>
        </attrdomv>
      </attr>
      <attr>
        <attrlabl>F_TOTAL</attrlabl>
        <attrdef>Female, Total population from Census API for ACS5 2014-2018 field B01001_026E</attrdef>
        <attrdefs>Bureau of the Census</attrdefs>
        <attrdomv>
          <udom>Persons in the associated geographic entity</udom>
        </attrdomv>
      </attr>
      <attr>
        <attrlabl>F_UNDER5</attrlabl>
        <attrdef>Female, Under 5 years from Census API for ACS5 2014-2018 field B01001_027E</attrdef>
        <attrdefs>Bureau of the Census</attrdefs>
        <attrdomv>
          <udom>Persons in the associated geographic entity</udom>
        </attrdomv>
      </attr>
      <attr>
        <attrlabl>F_5TO9</attrlabl>
        <attrdef>Female, 5 to 9 years from Census API for ACS5 2014-2018 field B01001_028E</attrdef>
        <attrdefs>Bureau of the Census</attrdefs>
        <attrdomv>
          <udom>Persons in the associated geographic entity</udom>
        </attrdomv>
      </attr>
      <attr>
        <attrlabl>F_10TO14</attrlabl>
        <attrdef>Female, 10 to 14 years from Census API for ACS5 2014-2018 field B01001_029E</attrdef>
        <attrdefs>Bureau of the Census</attrdefs>
        <attrdomv>
          <udom>Persons in the associated geographic entity</udom>
        </attrdomv>
      </attr>
      <attr>
        <attrlabl>F_15TO17</attrlabl>
        <attrdef>Female, 15 to 17 years from Census API for ACS5 2014-2018 field B01001_030E</attrdef>
        <attrdefs>Bureau of the Census</attrdefs>
        <attrdomv>
          <udom>Persons in the associated geographic entity</udom>
        </attrdomv>
      </attr>
      <attr>
        <attrlabl>F_18AND19</attrlabl>
        <attrdef>Female, 18 and 19 years from Census API for ACS5 2014-2018 field B01001_031E</attrdef>
        <attrdefs>Bureau of the Census</attrdefs>
        <attrdomv>
          <udom>Persons in the associated geographic entity</udom>
        </attrdomv>
      </attr>
      <attr>
        <attrlabl>F_20</attrlabl>
        <attrdef>Female, 20 years from Census API for ACS5 2014-2018 field B01001_032E</attrdef>
        <attrdefs>Bureau of the Census</attrdefs>
        <attrdomv>
          <udom>Persons in the associated geographic entity</udom>
        </attrdomv>
      </attr>
      <attr>
        <attrlabl>F_21</attrlabl>
        <attrdef>Female, 21 years from Census API for ACS5 2014-2018 field B01001_033E</attrdef>
        <attrdefs>Bureau of the Census</attrdefs>
        <attrdomv>
          <udom>Persons in the associated geographic entity</udom>
        </attrdomv>
      </attr>
      <attr>
        <attrlabl>F_22TO24</attrlabl>
        <attrdef>Female, 22 to 24 years from Census API for ACS5 2014-2018 field B01001_034E</attrdef>
        <attrdefs>Bureau of the Census</attrdefs>
        <attrdomv>
          <udom>Persons in the associated geographic entity</udom>
        </attrdomv>
      </attr>
      <attr>
        <attrlabl>F_25TO29</attrlabl>
        <attrdef>Female, 25 to 29 years from Census API for ACS5 2014-2018 field B01001_035E</attrdef>
        <attrdefs>Bureau of the Census</attrdefs>
        <attrdomv>
          <udom>Persons in the associated geographic entity</udom>
        </attrdomv>
      </attr>
      <attr>
        <attrlabl>F_30TO34</attrlabl>
        <attrdef>Female, 30 to 34 years from Census API for ACS5 2014-2018 field B01001_036E</attrdef>
        <attrdefs>Bureau of the Census</attrdefs>
        <attrdomv>
          <udom>Persons in the associated geographic entity</udom>
        </attrdomv>
      </attr>
      <attr>
        <attrlabl>F_35TO39</attrlabl>
        <attrdef>Female, 35 to 39 years from Census API for ACS5 2014-2018 field B01001_037E</attrdef>
        <attrdefs>Bureau of the Census</attrdefs>
        <attrdomv>
          <udom>Persons in the associated geographic entity</udom>
        </attrdomv>
      </attr>
      <attr>
        <attrlabl>F_40TO44</attrlabl>
        <attrdef>Female, 40 to 44 years from Census API for ACS5 2014-2018 field B01001_038E</attrdef>
        <attrdefs>Bureau of the Census</attrdefs>
        <attrdomv>
          <udom>Persons in the associated geographic entity</udom>
        </attrdomv>
      </attr>
      <attr>
        <attrlabl>F_45TO49</attrlabl>
        <attrdef>Female, 45 to 49 years from Census API for ACS5 2014-2018 field B01001_039E</attrdef>
        <attrdefs>Bureau of the Census</attrdefs>
        <attrdomv>
          <udom>Persons in the associated geographic entity</udom>
        </attrdomv>
      </attr>
      <attr>
        <attrlabl>F_50TO54</attrlabl>
        <attrdef>Female, 50 to 54 years from Census API for ACS5 2014-2018 field B01001_040E</attrdef>
        <attrdefs>Bureau of the Census</attrdefs>
        <attrdomv>
          <udom>Persons in the associated geographic entity</udom>
        </attrdomv>
      </attr>
      <attr>
        <attrlabl>F_55TO59</attrlabl>
        <attrdef>Female, 55 to 59 years from Census API for ACS5 2014-2018 field B01001_041E</attrdef>
        <attrdefs>Bureau of the Census</attrdefs>
        <attrdomv>
          <udom>Persons in the associated geographic entity</udom>
        </attrdomv>
      </attr>
      <attr>
        <attrlabl>F_60AND61</attrlabl>
        <attrdef>Female, 60 and 61 years from Census API for ACS5 2014-2018 field B01001_042E</attrdef>
        <attrdefs>Bureau of the Census</attrdefs>
        <attrdomv>
          <udom>Persons in the associated geographic entity</udom>
        </attrdomv>
      </attr>
      <attr>
        <attrlabl>F_62TO64</attrlabl>
        <attrdef>Female, 62 to 64 years from Census API for ACS5 2014-2018 field B01001_043E</attrdef>
        <attrdefs>Bureau of the Census</attrdefs>
        <attrdomv>
          <udom>Persons in the associated geographic entity</udom>
        </attrdomv>
      </attr>
      <attr>
        <attrlabl>F_65AND66</attrlabl>
        <attrdef>Female, 65 and 66 years from Census API for ACS5 2014-2018 field B01001_044E</attrdef>
        <attrdefs>Bureau of the Census</attrdefs>
        <attrdomv>
          <udom>Persons in the associated geographic entity</udom>
        </attrdomv>
      </attr>
      <attr>
        <attrlabl>F_67TO69</attrlabl>
        <attrdef>Female, 67 to 69 years from Census API for ACS5 2014-2018 field B01001_045E</attrdef>
        <attrdefs>Bureau of the Census</attrdefs>
        <attrdomv>
          <udom>Persons in the associated geographic entity</udom>
        </attrdomv>
      </attr>
      <attr>
        <attrlabl>F_70TO74</attrlabl>
        <attrdef>Female, 70 to 74 years from Census API for ACS5 2014-2018 field B01001_046E</attrdef>
        <attrdefs>Bureau of the Census</attrdefs>
        <attrdomv>
          <udom>Persons in the associated geographic entity</udom>
        </attrdomv>
      </attr>
      <attr>
        <attrlabl>F_75TO79</attrlabl>
        <attrdef>Female, 75 to 79 years from Census API for ACS5 2014-2018 field B01001_047E</attrdef>
        <attrdefs>Bureau of the Census</attrdefs>
        <attrdomv>
          <udom>Persons in the associated geographic entity</udom>
        </attrdomv>
      </attr>
      <attr>
        <attrlabl>F_80TO84</attrlabl>
        <attrdef>Female, 80 to 84 years from Census API for ACS5 2014-2018 field B01001_048E</attrdef>
        <attrdefs>Bureau of the Census</attrdefs>
        <attrdomv>
          <udom>Persons in the associated geographic entity</udom>
        </attrdomv>
      </attr>
      <attr>
        <attrlabl>F_85OVER</attrlabl>
        <attrdef>Female, 85 years and over from Census API for ACS5 2014-2018 field B01001_049E</attrdef>
        <attrdefs>Bureau of the Census</attrdefs>
        <attrdomv>
          <udom>Persons in the associated geographic entity</udom>
        </attrdomv>
      </attr>
      <attr>
        <attrlabl>tract</attrlabl>
        <attrdef></attrdef>
        <attrdefs>U.S. Census Bureau</attrdefs>
        <attrdomv>

          <edom>
            <edomv>000100 to 990099</edomv>
            <edomvd>Census tract number</edomvd>
            <edomvds>U.S. Census Bureau</edomvds>
          </edom>
        </attrdomv>
      </attr>
      <attr>
        <attrlabl>county</attrlabl>
        <attrdef>Current county Federal Information Processing Series (FIPS) code in numeric form, as contained in automated Census API serialization. As such, leading zeros are not included.</attrdef>
        <attrdefs>U.S. Census Bureau</attrdefs>
        <attrdomv>

        <codesetd>
            <codesetn>National Standard Codes (ANSI INCITS 31-2009), Federal Information Processing Series (FIPS) - Counties/County Equivalents</codesetn>
            <codesets>U.S. Census Bureau</codesets>
        </codesetd>
        </attrdomv>
      </attr>
      <attr>
        <attrlabl>state</attrlabl>
        <attrdef>Current state Federal Information Processing Series (FIPS) code in numeric form, as contained in automated Census API serialization</attrdef>
        <attrdefs>U.S. Census Bureau</attrdefs>
        <attrdomv>

          <codesetd>
            <codesetn>National Standard Codes (ANSI INCITS 38-2009), Federal Information Processing Series (FIPS) - States/State Equivalents</codesetn>
            <codesets>U.S. Census Bureau</codesets>
          </codesetd>
        </attrdomv>
      </attr>
    </detailed>
  </eainfo>
  <distinfo>
    <distrib>
      <cntinfo>
        <cntorgp>
          <cntorg>Earth Data Analysis Center</cntorg>
        </cntorgp>
        <cntpos>Clearinghouse Manager</cntpos>
        <cntaddr>
          <addrtype>mailing and physical address</addrtype>
          <address>MSC01 1110</address>
          <address>1 University of New Mexico</address>
          <city>Albuquerque</city>
          <state>NM</state>
          <postal>87131-0001</postal>
          <country>USA</country>
        </cntaddr>
        <cntvoice>505-277-3622 ext. 230</cntvoice>
        <cntfax>505-277-3614</cntfax>
        <cntemail>clearinghouse@edac.unm.edu</cntemail>
        <hours>0800 - 1700 MT, M-F -7 hours GMT</hours>
      </cntinfo>
    </distrib>
    <resdesc>Downloadable Data</resdesc>
    <distliab>The material on this site is made available as a public service. Maps and data are to be used for reference purposes only and the Earth Data Analysis Center (EDAC), Resource Geographic Information System (RGIS) and The University of New Mexico are not responsible for any inaccuracies herein contained. No responsibility is assumed for damages or other liabilities due to the accuracy, availability, use or misuse of the information herein provided. Unless otherwise indicated in the documentation (metadata) for individual data sets, information on this site is public domain and may be copied without permission; citation of the source is appreciated.</distliab>
    <stdorder>
      <digform>
        <digtinfo>
          <formname>ZIP</formname>
          <transize>5</transize>
        </digtinfo>
        <digtopt>
          <onlinopt>
            <computer>
              <networka>
                <networkr>http://rgis.unm.edu/</networkr>
              </networka>
            </computer>
            <accinstr>Download from Resource Geographic Information System (RGIS) at http://rgis.unm.edu.</accinstr>
          </onlinopt>
        </digtopt>
      </digform>
      <fees>None. The files are available to download from Resource Geographic Information System (RGIS) (http://rgis.unm.edu).</fees>
      <ordering>Contact Earth Data Analysis Center at clearinghouse@edac.unm.edu</ordering>
    </stdorder> 
    <custom>Contact Earth Data Analysis Center at clearinghouse@edac.unm.edu</custom>
    <techpreq>Adequate computer capability is the only technical prerequisite for viewing data in digital form.</techpreq>
  </distinfo>
  <metainfo>
    <metd>20200210</metd>
    <metc>
      <cntinfo>
        <cntorgp>
          <cntorg>Earth Data Analysis Center</cntorg>
        </cntorgp>
        <cntpos>Clearinghouse Manager</cntpos>
        <cntaddr>
          <addrtype>mailing and physical</addrtype>
          <address>MSC01 1110</address>
          <address>1 University of New Mexico</address>
          <city>Albuquerque</city>
          <state>New Mexico</state>
          <postal>87131-0001</postal>
          <country>US</country>
        </cntaddr>
        <cntvoice>505-277-3622 ext. 230</cntvoice>
        <cntfax>505-277-3614</cntfax>
        <cntemail>clearinghouse@edac.unm.edu</cntemail>
        <hours>0800 - 1700 MT, M-F -7 hours GMT</hours>
      </cntinfo>
    </metc>
    <metstdn>FGDC Content Standard for Digital Geospatial Metadata</metstdn>
    <metstdv>FGDC-STD-001-1998</metstdv>
    <mettc>local time</mettc>
  </metainfo>
</metadata>