﻿<metadata>
  <idinfo>
    <citation>
      <citeinfo>
        <origin>Geography Division, Bureau of the Census, U.S. Department of Commerce</origin>
        <pubdate>201812</pubdate>
        <title>Select Population Data from US Census Bureau 5-year ACS for 2018, by NM County</title>
        <geoform>vector digital data</geoform>
      </citeinfo>
    </citation>
    <descript>
      <abstract>A broad and generalized selection of 2014-2018 US Census Bureau 2018 5-year American Community Survey population data estimates, obtained via Census API and joined to the appropriate geometry (in this case, New Mexico counties). The selection is not comprehensive, but allows a first-level characterization of total population, male and female, and both broad and narrowly-defined age groups. In addition to the standard selection of age-group breakdowns (by male or female), the dataset provides supplemental calculated fields which combine several attributes into one (for example, the total population of persons under 18, or the number of females over 65 years of age). The determination of which estimates to include was based upon level of interest and providing a manageable dataset for users.The U.S. Census Bureau's American Community Survey (ACS) is a nationwide, continuous survey designed to provide communities with reliable and timely demographic, housing, social, and economic data every year. The ACS collects long-form-type information throughout the decade rather than only once every 10 years. As in the decennial census, strict confidentiality laws protect all information that could be used to identify individuals or households.The ACS combines population or housing data from multiple years to produce reliable numbers for small counties, neighborhoods, and other local areas. To provide information for communities each year, the ACS provides 1-, 3-, and 5-year estimates. ACS 5-year estimates (multiyear estimates) are “period” estimates that represent data collected over a 60-month period of time (as opposed to “point-in-time” estimates, such as the decennial census, that approximate the characteristics of an area on a specific date). ACS data are released in the year immediately following the year in which they are collected. ACS estimates based on data collected from 2009–2014 should not be called “2009” or “2014” estimates. Multiyear estimates should be labeled to indicate clearly the full period of time. The primary advantage of using multiyear estimates is the increased statistical reliability of the data for less populated areas and small population subgroups. Data are based on a sample and are subject to sampling variability. The degree of uncertainty for an estimate arising from sampling variability is represented through the use of a margin of error. While each full Data Profile contains margin of error (MOE) information, this dataset does not. Those individuals requiring more complete data are directed to download the more detailed datasets from the ACS American FactFinder website. This dataset is organized by New Mexico county boundaries.</abstract>
      <purpose>Provide general users with a selection of population data available from the US Census Bureau's American Community Survey (ACS) 5-year estimates from 2014-2018.</purpose>
      <supplinf>This work was influenced by the work of Todd Bleess at the Colorado State Demography Office, especially his renaming of the source (ACS) attributes into more human-readable names.</supplinf>
    </descript>
    <timeperd>
      <timeinfo>
        <sngdate>
          <caldate>2018</caldate>
        </sngdate>
      </timeinfo>
      <current>Temporal extent is twofold: 1. the underlying data derives from the 2014-2018 ACS 5-year estimates, as well as the time period during which the county boundaries are considered still valid. 2. the dataset itself is valid as a means of comparison for similar data from other time periods (such as different 5-year ACS publications). As ACS 5-year datasets ar enot released until subsequent years (2013-2017 was released in December of 2018, 2014-2018 should be released in December of 2019, and so on).</current>
    </timeperd>
    <status>
      <progress>Complete</progress>
      <update>Annually</update>
    </status>
    <spdom>
      <bounding>
        <westbc>-109.050170</westbc>
        <eastbc>-103.001960</eastbc>
        <northbc>37.000293</northbc>
        <southbc>31.332170</southbc>
      </bounding>
    </spdom>
    <keywords>
      <theme>
        <themekt>ISO 19115 Topic Categories</themekt>
        <themekey>society</themekey>
      </theme>
      <place>
        <placekt>GNIS</placekt>
        <placekey>New Mexico</placekey>
        <placekey>United States</placekey>
      </place>
      <temporal>
        <tempkt>None</tempkt>
        <tempkey>Yearly</tempkey>
      </temporal>
    </keywords>
    <accconst>None</accconst>
    <useconst>None from RGIS. The source geometry for this dataset is a TIGER/Line shapefile. TIGER/Line Shapefile products are not copyrighted however TIGER/Line and Census TIGER are registered trademarks of the U.S. Census Bureau.The boundary information in the TIGER/Line Shapefiles are for statistical data collection and tabulation purposes only; their depiction and designation for statistical purposes does not constitute a determination of jurisdictional authority or rights of ownership or entitlement and they are not legal land descriptions.Coordinates in the TIGER/Line shapefiles have six implied decimal places, but the positional accuracy of these coordinates is not as great as the six decimal places suggest.</useconst>
    <datacred>U.S. Census Bureau
RGIS
Todd Bleess, Colorado State Demography Office</datacred>
    <native>Microsoft Windows 7 Version 6.1 (Build 7601) Service Pack 1; Esri ArcGIS 10.5.1.7333</native>
  </idinfo>
  <dataqual>
    <logic>All 33 counties are present</logic>
    <complete>All 33 counties are present</complete>
    <lineage>
      <srcinfo>
        <srccite>
          <citeinfo>
            <origin>Census Bureau</origin>
            <pubdate>201812</pubdate>
            <title>American Community Survey</title>
          </citeinfo>
        </srccite>
        <typesrc>onLine</typesrc>
        <srctime>
          <timeinfo>
            <sngdate>
              <caldate>2018</caldate>
            </sngdate>
          </timeinfo>
          <srccurr>Publication date</srccurr>
        </srctime>
        <srccitea>Census Data</srccitea>
        <srccontr>Derived from US  Bureau of Census API</srccontr>
      </srcinfo>
      <procstep>
        <procdesc>Develop script to automate the entire process described below, from obtaining data to producing and validating metadata, for a group of datasets. The slightly more detailed steps given following this step.</procdesc>
        <procdate>20190702</procdate>
      </procstep>
      <procstep>
        <procdesc>Obtain a select group of Bureau of Census data from latest availalble ACS 5-year estimate using Census API. Census API calls are limited to 50 fields/attributes per call, and are typically run as an URL, using a browser, the curl command line too, or from within a script. The data from the Census API is serialized into a dataframe.</procdesc>
        <procdate>20190702</procdate>
      </procstep>
      <procstep>
        <procdesc>Format data as needed for usefulness and attribute label readability and deserialize for the next step.</procdesc>
        <procdate>20190702</procdate>
      </procstep>
      <procstep>
        <procdesc>Joined Census dataset to appropriate geometry (like Census TIGER/Line file for New Mexico counties), performed via scripting, based on common key field.</procdesc>
        <procdate>20190702</procdate>
      </procstep>
      <procstep>
        <procdesc>Edit metadata for completeness and for compatibility with FGDC standards for distribution via NM RGIS Clearinghouse.</procdesc>
        <procdate>20190702</procdate>
      </procstep>
    </lineage>
  </dataqual>
<spdoinfo>
    <indspref>New Mexico</indspref>
    <direct>Vector</direct>
    <ptvctinf>
      <sdtsterm>
        <sdtstype>GT-polygon composed of chains</sdtstype>
        <ptvctcnt>33</ptvctcnt>
      </sdtsterm>
    </ptvctinf>
  </spdoinfo>
  <spref>
    <horizsys>
      <geograph>
        <latres>8.983152841195215e-009</latres>
        <longres>8.983152841195215e-009</longres>
        <geogunit>Decimal degrees</geogunit>
      </geograph>
      <geodetic>
        <horizdn>D WGS 1984</horizdn>
        <ellips>WGS 1984</ellips>
        <semiaxis>6378137.0</semiaxis>
        <denflat>298.257223563</denflat>
      </geodetic>
    </horizsys>
  </spref>
  <eainfo>
    <detailed>
      <enttyp>
        <enttypl>popul_byco2018</enttypl>
        <enttypd>TIGER counties</enttypd>
        <enttypds>Bureau of the Census</enttypds>
      </enttyp>
      <attr>
        <attrlabl>FID</attrlabl>
        <attrdef>Internal feature number.</attrdef>
        <attrdefs>Esri</attrdefs>
        <attrdomv>
          <udom>Sequential unique whole numbers that are automatically generated.</udom>
        </attrdomv>
      </attr>
      <attr>
        <attrlabl>Shape</attrlabl>
        <attrdef>Feature geometry.</attrdef>
        <attrdefs>Esri</attrdefs>
        <attrdomv>
          <udom>Coordinates defining the features.</udom>
        </attrdomv>
      </attr>
      <attr>
        <attrlabl>NAME10</attrlabl>
        <attrdef>2010 Census county name</attrdef>
        <attrdefs>U.S. Census Bureau</attrdefs>
        <attrdomv>
          <codesetd>
            <codesetn>INCITS.31-200x (R2007), Codes for the Identification of the Counties and Equivalent Areas of the United States, Puerto Rico, and the InsularAreas of the United States (Formerly FIPS 6-4)</codesetn>
            <codesets>U.S. Census Bureau</codesets>
          </codesetd>
        </attrdomv>
        <attrdomv>
          <udom>County name as per the Census Bureau</udom>
        </attrdomv>
      </attr>
      <attr>
        <attrlabl>INTPTLAT10</attrlabl>
        <attrdef>2010 Census latitude of the internal point</attrdef>
        <attrdefs>U.S. Census Bureau</attrdefs>
        <attrdomv>
          <edom>
            <edomv>00</edomv>
            <edomvd>Blank</edomvd>
            <edomvds>U.S. Census Bureau</edomvds>
          </edom>
        </attrdomv>
      </attr>
      <attr>
        <attrlabl>COUNTYFP10</attrlabl>
        <attrdef>2010 Census county Federal Information Processing Standards (FIPS) code</attrdef>
        <attrdefs>U.S. Census Bureau</attrdefs>
        <attrdomv>
          <codesetd>
            <codesetn>INCITS.31-200x (R2007), Codes for the Identification of the Counties and Equivalent Areas of the United States, Puerto Rico, and the Insular Areas of the United States (Formerly FIPS 6-4)</codesetn>
            <codesets>U.S. Census Bureau</codesets>
          </codesetd>
        </attrdomv>
      </attr>
      <attr>
        <attrlabl>GEOID10</attrlabl>
        <attrdef>County identifier; a concatenation of 2010 Census state FIPS code and county FIPS code</attrdef>
        <attrdefs>U.S. Census Bureau</attrdefs>
        <attrdomv>
          <codesetd>
            <codesetn>INCITS.38-200x (R2004), Codes for the Identification of the States, the District of Columbia, Puerto Rico, and the Insular Areas of the United States (Formerly FIPS 5-2), INCITS.31-200x (R2007), Codes for the Identification of the Counties and Equivalent Areas of the United States, Puerto Rico, and the Insular Areas of the United States (Formerly FIPS 6-4)</codesetn>
            <codesets>U.S. Census Bureau</codesets>
          </codesetd>
        </attrdomv>
      </attr>
      <attr>
        <attrlabl>INTPTLON10</attrlabl>
        <attrdef>2010 Census longitude of the internal point</attrdef>
        <attrdefs>U.S. Census Bureau</attrdefs>
        <attrdomv>
          <edom>
            <edomv>00</edomv>
            <edomvd>Blank</edomvd>
            <edomvds>U.S. Census Bureau</edomvds>
          </edom>
        </attrdomv>
      </attr>
      <attr>
        <attrlabl>CoFIP</attrlabl>
        <attrdef>Combination field of FIPS Code for State (New Mexico) and County, as in 35002, used for joining dataset attributes to geometry</attrdef>
        <attrdefs>EDAC</attrdefs>
        <attrdomv>
          <udom>FIPS Codes used to represent states and counties within those states, in the U.S. Unique numbers.</udom>
        </attrdomv>
        <attrmfrq>012</attrmfrq>
      </attr>
      <attr>
        <attrlabl>Shape_Leng</attrlabl>
        <attrdef>Length of feature in internal units.</attrdef>
        <attrdefs>Esri</attrdefs>
        <attrdomv>
          <udom>Positive real numbers that are automatically generated.</udom>
        </attrdomv>
      </attr>
      <attr>
        <attrlabl>Shape_Area</attrlabl>
        <attrdef>Area of feature in internal units squared.</attrdef>
        <attrdefs>Esri</attrdefs>
        <attrdomv>
          <udom>Positive real numbers that are automatically generated.</udom>
        </attrdomv>
      </attr>
      <attr>
        <attrlabl>TOTALPOP</attrlabl>
        <attrdef>Total population for $calyear from Census API for ACS5 2014-2018 field B01001_001E</attrdef>
        <attrdefs>Bureau of the Census</attrdefs>
        <attrdomv>
          <udom>Persons in the associated geographic entity</udom>
        </attrdomv>
      </attr>
      <attr>
        <attrlabl>TOT_LT18</attrlabl>
        <attrdef>Total population less than 18 years old for $calyear from Census API for ACS5 2014-2018; TOT_LT18 combines F_LT18 and M_LT18 (which are also combinations)</attrdef>
        <attrdefs>Bureau of the Census</attrdefs>
        <attrdomv>
          <udom>Persons in the associated geographic entity</udom>
        </attrdomv>
      </attr>
      <attr>
        <attrlabl>TOT_65OVER</attrlabl>
        <attrdef>Total population over 65 years old and over from ACS 2014-2018; TOT_65OVER combines F_65PLUS and M_65PLUS (which are also combinations)</attrdef>
        <attrdefs>Bureau of the Census</attrdefs>
        <attrdomv>
          <udom>Persons in the associated geographic entity</udom>
        </attrdomv>
      </attr>
      <attr>
        <attrlabl>TOT_18TO64</attrlabl>
        <attrdef>Total population between 18 and 64 years old from ACS 2014-2018; TOT_18TO64 combines F_18TO64 and M_18TO64 (which are also combinations)</attrdef>
        <attrdefs>Bureau of the Census</attrdefs>
        <attrdomv>
          <udom>Persons in the associated geographic entity</udom>
        </attrdomv>
      </attr>
      <attr>
        <attrlabl>F_LT18</attrlabl>
        <attrdef>Total population of females less than 18 years old from ACS 2014-2018; F_LT18 is the combination of B01001_027E,B01001_028E,B01001_029E and B01001_030E</attrdef>
        <attrdefs>Bureau of the Census</attrdefs>
        <attrdomv>
          <udom>Persons in the associated geographic entity</udom>
        </attrdomv>
      </attr>
      <attr>
        <attrlabl>F_65OVER</attrlabl>
        <attrdef>Total population of females 65 years old or over from ACS 2014-2018; F_65OVER is the combination of B01001_044E,B01001_045E,B01001_046E,B01001_047E,B01001_048E and B01001_049E</attrdef>
        <attrdefs>Bureau of the Census</attrdefs>
        <attrdomv>
          <udom>Persons in the associated geographic entity</udom>
        </attrdomv>
      </attr>
      <attr>
        <attrlabl>F_18TO64</attrlabl>
        <attrdef>Total population of females from 18 to 64 years old from ACS 2014-2018; F_18TO64 is the combination of B01001_031E,B01001_032E,B01001_033E,B01001_034E,B01001_035E,B01001_036E,B01001_037E,B01001_038E,B01001_039E,B01001_040E,B01001_041E,B01001_042E and B01001_043E</attrdef>
        <attrdefs>Bureau of the Census</attrdefs>
        <attrdomv>
          <udom>Persons in the associated geographic entity</udom>
        </attrdomv>
      </attr>
      <attr>
        <attrlabl>M_LT18</attrlabl>
        <attrdef>Total population of males less than 18 years old from ACS 2014-2018; M_LT18 is the combination of B01001_003E,B01001_004E,B01001_005E and B01001_006E</attrdef>
        <attrdefs>Bureau of the Census</attrdefs>
        <attrdomv>
          <udom>Persons in the associated geographic entity</udom>
        </attrdomv>
      </attr>
      <attr>
        <attrlabl>M_65OVER</attrlabl>
        <attrdef>Total population of males 65 years old or over from ACS 2014-2018; M_65OVER is the combination of B01001_020E,B01001_021E,B01001_022E,B01001_023E,B01001_024E and B01001_025E</attrdef>
        <attrdefs>Bureau of the Census</attrdefs>
        <attrdomv>
          <udom>Persons in the associated geographic entity</udom>
        </attrdomv>
      </attr>
      <attr>
        <attrlabl>M_18TO64</attrlabl>
        <attrdef>Total population of males from 18 to 64 years old from ACS 2014-2018; M_18TO64 is the combination of B01001_007E,B01001_008E,B01001_009E,B01001_010E,B01001_011E,B01001_012E,B01001_013E,B01001_014E,B01001_015E,B01001_016E,B01001_017E,B01001_018E and B01001_019E</attrdef>
        <attrdefs>Bureau of the Census</attrdefs>
        <attrdomv>
          <udom>Persons in the associated geographic entity</udom>
        </attrdomv>
      </attr>
      <attr>
        <attrlabl>M_TOTAL</attrlabl>
        <attrdef>Total population of males from Census API for ACS5 2014-2018 field B01001_002E</attrdef>
        <attrdefs>Bureau of the Census</attrdefs>
        <attrdomv>
          <udom>Persons in the associated geographic entity</udom>
        </attrdomv>
      </attr>
      <attr>
        <attrlabl>M_UNDER5</attrlabl>
        <attrdef>Male, Under 5 years from Census API for ACS5 2014-2018 field B01001_003E</attrdef>
        <attrdefs>Bureau of the Census</attrdefs>
        <attrdomv>
          <udom>Persons in the associated geographic entity</udom>
        </attrdomv>
      </attr>
      <attr>
        <attrlabl>M_5TO9</attrlabl>
        <attrdef>Male, 5 to 9 years from Census API for ACS5 2014-2018 field B01001_004E</attrdef>
        <attrdefs>Bureau of the Census</attrdefs>
        <attrdomv>
          <udom>Persons in the associated geographic entity</udom>
        </attrdomv>
      </attr>
      <attr>
        <attrlabl>M_10TO14</attrlabl>
        <attrdef>Male, 10 to 14 years from Census API for ACS5 2014-2018 field B01001_005E</attrdef>
        <attrdefs>Bureau of the Census</attrdefs>
        <attrdomv>
          <udom>Persons in the associated geographic entity</udom>
        </attrdomv>
      </attr>
      <attr>
        <attrlabl>M_15TO17</attrlabl>
        <attrdef>Male, 15 to 17 years from Census API for ACS5 2014-2018 field B01001_006E</attrdef>
        <attrdefs>Bureau of the Census</attrdefs>
        <attrdomv>
          <udom>Persons in the associated geographic entity</udom>
        </attrdomv>
      </attr>
      <attr>
        <attrlabl>M_18AND19</attrlabl>
        <attrdef>Male, 18 and 19 years from Census API for ACS5 2014-2018 field B01001_007E</attrdef>
        <attrdefs>Bureau of the Census</attrdefs>
        <attrdomv>
          <udom>Persons in the associated geographic entity</udom>
        </attrdomv>
      </attr>
      <attr>
        <attrlabl>M_20</attrlabl>
        <attrdef>Male, 20 years from Census API for ACS5 2014-2018 field B01001_008E</attrdef>
        <attrdefs>Bureau of the Census</attrdefs>
        <attrdomv>
          <udom>Persons in the associated geographic entity</udom>
        </attrdomv>
      </attr>
      <attr>
        <attrlabl>M_21</attrlabl>
        <attrdef>Male, 21 years from Census API for ACS5 2014-2018 field B01001_009E</attrdef>
        <attrdefs>Bureau of the Census</attrdefs>
        <attrdomv>
          <udom>Persons in the associated geographic entity</udom>
        </attrdomv>
      </attr>
      <attr>
        <attrlabl>M_22TO24</attrlabl>
        <attrdef>Male, 22 to 24 years from Census API for ACS5 2014-2018 field B01001_010E</attrdef>
        <attrdefs>Bureau of the Census</attrdefs>
        <attrdomv>
          <udom>Persons in the associated geographic entity</udom>
        </attrdomv>
      </attr>
      <attr>
        <attrlabl>M_25TO29</attrlabl>
        <attrdef>Male, 25 to 29 years from Census API for ACS5 2014-2018 field B01001_011E</attrdef>
        <attrdefs>Bureau of the Census</attrdefs>
        <attrdomv>
          <udom>Persons in the associated geographic entity</udom>
        </attrdomv>
      </attr>
      <attr>
        <attrlabl>M_30TO34</attrlabl>
        <attrdef>Male, 30 to 34 years from Census API for ACS5 2014-2018 field B01001_012E</attrdef>
        <attrdefs>Bureau of the Census</attrdefs>
        <attrdomv>
          <udom>Persons in the associated geographic entity</udom>
        </attrdomv>
      </attr>
      <attr>
        <attrlabl>M_35TO39</attrlabl>
        <attrdef>Male, 35 to 39 years from Census API for ACS5 2014-2018 field B01001_013E</attrdef>
        <attrdefs>Bureau of the Census</attrdefs>
        <attrdomv>
          <udom>Persons in the associated geographic entity</udom>
        </attrdomv>
      </attr>
      <attr>
        <attrlabl>M_40TO44</attrlabl>
        <attrdef>Male, 40 to 44 years from Census API for ACS5 2014-2018 field B01001_014E</attrdef>
        <attrdefs>Bureau of the Census</attrdefs>
        <attrdomv>
          <udom>Persons in the associated geographic entity</udom>
        </attrdomv>
      </attr>
      <attr>
        <attrlabl>M_45TO49</attrlabl>
        <attrdef>Male, 45 to 49 years from Census API for ACS5 2014-2018 field B01001_015E</attrdef>
        <attrdefs>Bureau of the Census</attrdefs>
        <attrdomv>
          <udom>Persons in the associated geographic entity</udom>
        </attrdomv>
      </attr>
      <attr>
        <attrlabl>M_50TO54</attrlabl>
        <attrdef>Male, 50 to 54 years from Census API for ACS5 2014-2018 field B01001_016E</attrdef>
        <attrdefs>Bureau of the Census</attrdefs>
        <attrdomv>
          <udom>Persons in the associated geographic entity</udom>
        </attrdomv>
      </attr>
      <attr>
        <attrlabl>M_55TO59</attrlabl>
        <attrdef>Male, 55 to 59 years from Census API for ACS5 2014-2018 field B01001_017E</attrdef>
        <attrdefs>Bureau of the Census</attrdefs>
        <attrdomv>
          <udom>Persons in the associated geographic entity</udom>
        </attrdomv>
      </attr>
      <attr>
        <attrlabl>M_60AND61</attrlabl>
        <attrdef>Male, 60 and 61 years from Census API for ACS5 2014-2018 field B01001_018E</attrdef>
        <attrdefs>Bureau of the Census</attrdefs>
        <attrdomv>
          <udom>Persons in the associated geographic entity</udom>
        </attrdomv>
      </attr>
      <attr>
        <attrlabl>M_62TO64</attrlabl>
        <attrdef>Male, 62 to 64 years from Census API for ACS5 2014-2018 field B01001_019E</attrdef>
        <attrdefs>Bureau of the Census</attrdefs>
        <attrdomv>
          <udom>Persons in the associated geographic entity</udom>
        </attrdomv>
      </attr>
      <attr>
        <attrlabl>M_65AND66</attrlabl>
        <attrdef>Male, 65 and 66 years from Census API for ACS5 2014-2018 field B01001_020E</attrdef>
        <attrdefs>Bureau of the Census</attrdefs>
        <attrdomv>
          <udom>Persons in the associated geographic entity</udom>
        </attrdomv>
      </attr>
      <attr>
        <attrlabl>M_67TO69</attrlabl>
        <attrdef>Male, 67 to 69 years from Census API for ACS5 2014-2018 field B01001_021E</attrdef>
        <attrdefs>Bureau of the Census</attrdefs>
        <attrdomv>
          <udom>Persons in the associated geographic entity</udom>
        </attrdomv>
      </attr>
      <attr>
        <attrlabl>M_70TO74</attrlabl>
        <attrdef>Male, 70 to 74 years from Census API for ACS5 2014-2018 field B01001_022E</attrdef>
        <attrdefs>Bureau of the Census</attrdefs>
        <attrdomv>
          <udom>Persons in the associated geographic entity</udom>
        </attrdomv>
      </attr>
      <attr>
        <attrlabl>M_75TO79</attrlabl>
        <attrdef>Male, 75 to 79 years from Census API for ACS5 2014-2018 field B01001_023E</attrdef>
        <attrdefs>Bureau of the Census</attrdefs>
        <attrdomv>
          <udom>Persons in the associated geographic entity</udom>
        </attrdomv>
      </attr>
      <attr>
        <attrlabl>M_80TO84</attrlabl>
        <attrdef>Male, 80 to 84 years from Census API for ACS5 2014-2018 field B01001_024E</attrdef>
        <attrdefs>Bureau of the Census</attrdefs>
        <attrdomv>
          <udom>Persons in the associated geographic entity</udom>
        </attrdomv>
      </attr>
      <attr>
        <attrlabl>M_85OVER</attrlabl>
        <attrdef>Male, 85 years and over from Census API for ACS5 2014-2018 field B01001_025E</attrdef>
        <attrdefs>Bureau of the Census</attrdefs>
        <attrdomv>
          <udom>Persons in the associated geographic entity</udom>
        </attrdomv>
      </attr>
      <attr>
        <attrlabl>F_TOTAL</attrlabl>
        <attrdef>Female, Total population from Census API for ACS5 2014-2018 field B01001_026E</attrdef>
        <attrdefs>Bureau of the Census</attrdefs>
        <attrdomv>
          <udom>Persons in the associated geographic entity</udom>
        </attrdomv>
      </attr>
      <attr>
        <attrlabl>F_UNDER5</attrlabl>
        <attrdef>Female, Under 5 years from Census API for ACS5 2014-2018 field B01001_027E</attrdef>
        <attrdefs>Bureau of the Census</attrdefs>
        <attrdomv>
          <udom>Persons in the associated geographic entity</udom>
        </attrdomv>
      </attr>
      <attr>
        <attrlabl>F_5TO9</attrlabl>
        <attrdef>Female, 5 to 9 years from Census API for ACS5 2014-2018 field B01001_028E</attrdef>
        <attrdefs>Bureau of the Census</attrdefs>
        <attrdomv>
          <udom>Persons in the associated geographic entity</udom>
        </attrdomv>
      </attr>
      <attr>
        <attrlabl>F_10TO14</attrlabl>
        <attrdef>Female, 10 to 14 years from Census API for ACS5 2014-2018 field B01001_029E</attrdef>
        <attrdefs>Bureau of the Census</attrdefs>
        <attrdomv>
          <udom>Persons in the associated geographic entity</udom>
        </attrdomv>
      </attr>
      <attr>
        <attrlabl>F_15TO17</attrlabl>
        <attrdef>Female, 15 to 17 years from Census API for ACS5 2014-2018 field B01001_030E</attrdef>
        <attrdefs>Bureau of the Census</attrdefs>
        <attrdomv>
          <udom>Persons in the associated geographic entity</udom>
        </attrdomv>
      </attr>
      <attr>
        <attrlabl>F_18AND19</attrlabl>
        <attrdef>Female, 18 and 19 years from Census API for ACS5 2014-2018 field B01001_031E</attrdef>
        <attrdefs>Bureau of the Census</attrdefs>
        <attrdomv>
          <udom>Persons in the associated geographic entity</udom>
        </attrdomv>
      </attr>
      <attr>
        <attrlabl>F_20</attrlabl>
        <attrdef>Female, 20 years from Census API for ACS5 2014-2018 field B01001_032E</attrdef>
        <attrdefs>Bureau of the Census</attrdefs>
        <attrdomv>
          <udom>Persons in the associated geographic entity</udom>
        </attrdomv>
      </attr>
      <attr>
        <attrlabl>F_21</attrlabl>
        <attrdef>Female, 21 years from Census API for ACS5 2014-2018 field B01001_033E</attrdef>
        <attrdefs>Bureau of the Census</attrdefs>
        <attrdomv>
          <udom>Persons in the associated geographic entity</udom>
        </attrdomv>
      </attr>
      <attr>
        <attrlabl>F_22TO24</attrlabl>
        <attrdef>Female, 22 to 24 years from Census API for ACS5 2014-2018 field B01001_034E</attrdef>
        <attrdefs>Bureau of the Census</attrdefs>
        <attrdomv>
          <udom>Persons in the associated geographic entity</udom>
        </attrdomv>
      </attr>
      <attr>
        <attrlabl>F_25TO29</attrlabl>
        <attrdef>Female, 25 to 29 years from Census API for ACS5 2014-2018 field B01001_035E</attrdef>
        <attrdefs>Bureau of the Census</attrdefs>
        <attrdomv>
          <udom>Persons in the associated geographic entity</udom>
        </attrdomv>
      </attr>
      <attr>
        <attrlabl>F_30TO34</attrlabl>
        <attrdef>Female, 30 to 34 years from Census API for ACS5 2014-2018 field B01001_036E</attrdef>
        <attrdefs>Bureau of the Census</attrdefs>
        <attrdomv>
          <udom>Persons in the associated geographic entity</udom>
        </attrdomv>
      </attr>
      <attr>
        <attrlabl>F_35TO39</attrlabl>
        <attrdef>Female, 35 to 39 years from Census API for ACS5 2014-2018 field B01001_037E</attrdef>
        <attrdefs>Bureau of the Census</attrdefs>
        <attrdomv>
          <udom>Persons in the associated geographic entity</udom>
        </attrdomv>
      </attr>
      <attr>
        <attrlabl>F_40TO44</attrlabl>
        <attrdef>Female, 40 to 44 years from Census API for ACS5 2014-2018 field B01001_038E</attrdef>
        <attrdefs>Bureau of the Census</attrdefs>
        <attrdomv>
          <udom>Persons in the associated geographic entity</udom>
        </attrdomv>
      </attr>
      <attr>
        <attrlabl>F_45TO49</attrlabl>
        <attrdef>Female, 45 to 49 years from Census API for ACS5 2014-2018 field B01001_039E</attrdef>
        <attrdefs>Bureau of the Census</attrdefs>
        <attrdomv>
          <udom>Persons in the associated geographic entity</udom>
        </attrdomv>
      </attr>
      <attr>
        <attrlabl>F_50TO54</attrlabl>
        <attrdef>Female, 50 to 54 years from Census API for ACS5 2014-2018 field B01001_040E</attrdef>
        <attrdefs>Bureau of the Census</attrdefs>
        <attrdomv>
          <udom>Persons in the associated geographic entity</udom>
        </attrdomv>
      </attr>
      <attr>
        <attrlabl>F_55TO59</attrlabl>
        <attrdef>Female, 55 to 59 years from Census API for ACS5 2014-2018 field B01001_041E</attrdef>
        <attrdefs>Bureau of the Census</attrdefs>
        <attrdomv>
          <udom>Persons in the associated geographic entity</udom>
        </attrdomv>
      </attr>
      <attr>
        <attrlabl>F_60AND61</attrlabl>
        <attrdef>Female, 60 and 61 years from Census API for ACS5 2014-2018 field B01001_042E</attrdef>
        <attrdefs>Bureau of the Census</attrdefs>
        <attrdomv>
          <udom>Persons in the associated geographic entity</udom>
        </attrdomv>
      </attr>
      <attr>
        <attrlabl>F_62TO64</attrlabl>
        <attrdef>Female, 62 to 64 years from Census API for ACS5 2014-2018 field B01001_043E</attrdef>
        <attrdefs>Bureau of the Census</attrdefs>
        <attrdomv>
          <udom>Persons in the associated geographic entity</udom>
        </attrdomv>
      </attr>
      <attr>
        <attrlabl>F_65AND66</attrlabl>
        <attrdef>Female, 65 and 66 years from Census API for ACS5 2014-2018 field B01001_044E</attrdef>
        <attrdefs>Bureau of the Census</attrdefs>
        <attrdomv>
          <udom>Persons in the associated geographic entity</udom>
        </attrdomv>
      </attr>
      <attr>
        <attrlabl>F_67TO69</attrlabl>
        <attrdef>Female, 67 to 69 years from Census API for ACS5 2014-2018 field B01001_045E</attrdef>
        <attrdefs>Bureau of the Census</attrdefs>
        <attrdomv>
          <udom>Persons in the associated geographic entity</udom>
        </attrdomv>
      </attr>
      <attr>
        <attrlabl>F_70TO74</attrlabl>
        <attrdef>Female, 70 to 74 years from Census API for ACS5 2014-2018 field B01001_046E</attrdef>
        <attrdefs>Bureau of the Census</attrdefs>
        <attrdomv>
          <udom>Persons in the associated geographic entity</udom>
        </attrdomv>
      </attr>
      <attr>
        <attrlabl>F_75TO79</attrlabl>
        <attrdef>Female, 75 to 79 years from Census API for ACS5 2014-2018 field B01001_047E</attrdef>
        <attrdefs>Bureau of the Census</attrdefs>
        <attrdomv>
          <udom>Persons in the associated geographic entity</udom>
        </attrdomv>
      </attr>
      <attr>
        <attrlabl>F_80TO84</attrlabl>
        <attrdef>Female, 80 to 84 years from Census API for ACS5 2014-2018 field B01001_048E</attrdef>
        <attrdefs>Bureau of the Census</attrdefs>
        <attrdomv>
          <udom>Persons in the associated geographic entity</udom>
        </attrdomv>
      </attr>
      <attr>
        <attrlabl>F_85OVER</attrlabl>
        <attrdef>Female, 85 years and over from Census API for ACS5 2014-2018 field B01001_049E</attrdef>
        <attrdefs>Bureau of the Census</attrdefs>
        <attrdomv>
          <udom>Persons in the associated geographic entity</udom>
        </attrdomv>
      </attr>
      <attr>
        <attrlabl>county</attrlabl>
        <attrdef>County FIPS Code from Bureau of the Census API</attrdef>
        <attrdefs>Bureau of the Census</attrdefs>
        <attrdomv>
          <udom>County FIPS Code</udom>
        </attrdomv>
      </attr>
      <attr>
        <attrlabl>state</attrlabl>
        <attrdef>State FIPS Code from Bureau of the Census API (New Mexico is 35)</attrdef>
        <attrdefs>Bureau of the Census</attrdefs>
        <attrdomv>
          <udom>State FIPS Code</udom>
        </attrdomv>
      </attr>
    </detailed>
  </eainfo>
  <distinfo>
    <distrib>
      <cntinfo>
        <cntorgp>
          <cntorg>Earth Data Analysis Center</cntorg>
        </cntorgp>
        <cntpos>Clearinghouse Manager</cntpos>
        <cntaddr>
          <addrtype>mailing and physical address</addrtype>
          <address>MSC01 1110</address>
          <address>1 University of New Mexico</address>
          <city>Albuquerque</city>
          <state>NM</state>
          <postal>87131-0001</postal>
          <country>USA</country>
        </cntaddr>
        <cntvoice>505-277-3622 ext. 230</cntvoice>
        <cntfax>505-277-3614</cntfax>
        <cntemail>clearinghouse@edac.unm.edu</cntemail>
        <hours>0800 - 1700 MT, M-F -7 hours GMT</hours>
      </cntinfo>
    </distrib>
    <resdesc>Downloadable Data</resdesc>
    <distliab>The material on this site is made available as a public service. Maps and data are to be used for reference purposes only and the Earth Data Analysis Center (EDAC), Resource Geographic Information System (RGIS) and The University of New Mexico are not responsible for any inaccuracies herein contained. No responsibility is assumed for damages or other liabilities due to the accuracy, availability, use or misuse of the information herein provided. Unless otherwise indicated in the documentation (metadata) for individual data sets, information on this site is public domain and may be copied without permission; citation of the source is appreciated.</distliab>
    <stdorder>
      <digform>
        <digtinfo>
          <formname>ZIP</formname>
          <transize>5</transize>
        </digtinfo>
        <digtopt>
          <onlinopt>
            <computer>
              <networka>
                <networkr>http://rgis.unm.edu/</networkr>
              </networka>
            </computer>
            <accinstr>Download from Resource Geographic Information System (RGIS) at http://rgis.unm.edu.</accinstr>
          </onlinopt>
        </digtopt>
      </digform>
      <fees>None. The files are available to download from Resource Geographic Information System (RGIS) (http://rgis.unm.edu).</fees>
      <ordering>Contact Earth Data Analysis Center at clearinghouse@edac.unm.edu</ordering>
    </stdorder> 
    <custom>Contact Earth Data Analysis Center at clearinghouse@edac.unm.edu</custom>
    <techpreq>Adequate computer capability is the only technical prerequisite for viewing data in digital form.</techpreq>
  </distinfo>
  <metainfo>
    <metd>20200210</metd>
    <metc>
      <cntinfo>
        <cntorgp>
          <cntorg>Earth Data Analysis Center</cntorg>
          <cntper>Earth Data Analysis Center</cntper>
        </cntorgp>
        <cntpos>Clearinghouse Manager</cntpos>
        <cntaddr>
          <addrtype>mailing and physical</addrtype>
          <address>MSC01 1110</address>
          <address>1 University of New Mexico</address>
          <city>Albuquerque</city>
          <state>New Mexico</state>
          <postal>87131-0001</postal>
          <country>US</country>
        </cntaddr>
        <cntvoice>505-277-3622 ext. 230</cntvoice>
        <cntfax>505-277-3614</cntfax>
        <cntemail>clearinghouse@edac.unm.edu</cntemail>
        <hours>0800 - 1700 MT, M-F -7 hours GMT</hours>
      </cntinfo>
    </metc>
    <metstdn>FGDC Content Standard for Digital Geospatial Metadata</metstdn>
    <metstdv>FGDC-STD-001-1998</metstdv>
    <mettc>local time</mettc>
  </metainfo>
</metadata>
